<?xml version="1.0" encoding="UTF-8" standalone="no"?>
<default>
	<sqlkeys>
		absolute,action,ada,add,all,allocate,alter,and,any,are,as,
asc,assertion,at,authorization,avg,begin,between,bit,bit_length,
both,by,c,cascade,cascaded,case,cast,catalog,catalog_name,char,
char_length,character,character_length,character_set_catalog,
character_set_name,character_set_schema,check,class_origin,close,
coalesce,cobol,collate,collation,collation_catalog,collation_name,
collation_schema,column,column_name,command_function,commit,
committed,condition_number,connect,connection,connection_name,
constraint,constraint_catalog,constraint_name,constraint_schema,
constraints,continue,convert,corresponding,count,create,cross,
current,current_date,current_time,current_timestamp,current_user,
cursor,cursor_name,data,date,datetime_interval_precision,
datetime_interval_code,day,deallocate,dec,decimal,declare,default,
deferrable,deferred,delete,desc,describe,descriptor,diagnostics,
disconnect,distinct,domain,double,drop,dynamic_function,else,end,
end-exec,escape,except,exception,exec,execute,exists,external,
extract,false,fetch,first,float,for,foreign,fortran,found,from,
full,get,global,go,goto,grant,group,having,hour,identity,
immediate,in,index,indicator,initially,inner,input,insensitive,insert,
int,integer,intersect,interval,into,is,isolation,join,key,
language,last,leading,left,length,level,like,local,lower,match,
max,message_length,message_octet_length,message_text,min,minute,
module,month,more,mumps,name,names,national,natural,nchar,next,
no,not,null,nullable,nullif,number,numeric,octet_length,of,on,
only,open,option,or,order,outer,output,overlaps,pad,partial,
pascal,pli,position,precision,prepare,preserve,primary,prior,
privileges,procedure,public,read,real,references,relative,
repeatable,restrict,returned_length,returned_octet_length,
returned_sqlstate,revoke,right,rollback,row_count,rows,scale,
schema,schema_name,scroll,second,section,select,serializable,
server_name,session,session_user,set,size,smallint,some,space,
sql,sqlcode,sqlerror,sqlstate,subclass_origin,substring,sum,
system_user,table,table_name,temporary,then,time,timestamp,
timezone_hour,timezone_minute,to,trailing,transaction,translate,
translation,trim,true,type,uncommitted,union,unique,unknown,
unnamed,update,upper,usage,user,using,value,values,varchar,
varying,view,when,whenever,where,with,work,write,year,zone,owner,oids,replace,function,
comment,rename,rule,do,instead,nothing,if,exit,truncate,explain,analyze,return,
sequence,base
	</sqlkeys>
<textpane>
	  	<background>255,255,255</background>
<fontsize>14</fontsize>
<linenumber>true</linenumber>
</textpane>
<cmdpane>
	  <backgroud>255,255,255</backgroud>
<fontcolor>0,0,0</fontcolor>
</cmdpane>
<qkeys>
	<guanjian>Alt+k</guanjian>
<tablename>Alt+t</tablename>
<viewname>Alt+v</viewname>
</qkeys>
</default>
