<?xml version="1.0" encoding="UTF-8"?>
<pg-cmds>
 	<cmd key="d" regex="d[S]?[+]?|d[S]?[+]?\s+\S+"></cmd>
 	<cmd key="dn" regex="dn[S]?[+]?|dn[S]?[+]?\s+\S+"></cmd>
 	<cmd key="dt" regex="dt[S]?[+]?|dt[S]?[+]?\s+\S+"></cmd>
 	<cmd key="l" regex="l[+]?|l[+]?\s+\S+"></cmd>
 	<cmd key="db" regex="db[+]?|db[+]?\s+\S+"></cmd>
 	<cmd key="dp" regex="dp|dp\s+\S+"></cmd>
 	<cmd key="df" regex="df[S]?[+]?|df[S]?[+]?\s+\S+"></cmd>
 	<cmd key="da" regex="da[S]?|da[S]?\s+\S+"></cmd>
 	<cmd key="dc" regex="dc[S]?[+]?|dc[S]?[+]?\s+\S+"></cmd>
 	<cmd key="dC!" regex="dC[S]?[+]?|dC[S]?[+]?\s+\S+"></cmd>
 	<cmd key="dd" regex="dd[S]?|dd[S]?\s+\S+"></cmd>
 	<cmd key="ddp" regex="ddp|ddp\s+\S+"></cmd>
 	<cmd key="dD!" regex="dD[S]?[+]?|dD[S]?[+]?\s+\S+"></cmd>
 	<cmd key="det" regex="det[+]?|det[+]?\s+\S+"></cmd>
 	<cmd key="des" regex="des[+]?|des[+]?\s+\S+"></cmd>
 	<cmd key="deu" regex="deu[+]?|deu[+]?\s+\S+"></cmd>
 	<cmd key="dew" regex="dew[+]?|dew[+]?\s+\S+"></cmd>
 	<cmd key="dF!" regex="dF[+]?|dF[+]?\s+\S+"></cmd>
 	<cmd key="dFd" regex="dFd[+]?|dFd[+]?\s+\S+"></cmd>
 	<cmd key="dFp" regex="dFp[+]?|dFp[+]?\s+\S+"></cmd>
 	<cmd key="dFt" regex="dFt[+]?|dFt[+]?\s+\S+"></cmd>
 	<cmd key="dg" regex="dg[+]?|dg[+]?\s+\S+"></cmd>
 	<cmd key="di" regex="di[S]?[+]?|di[S]?[+]?\s+\S+"></cmd>
 	<cmd key="dl" regex="dl"></cmd>
 	<cmd key="dL!" regex="dL[S]?[+]?|dL[S]?[+]?\s+\S+"></cmd>
 	<cmd key="dm" regex="dm[S]?[+]?|dm[S]?[+]?\s+\S+"></cmd>
 	<cmd key="do" regex="do[S]?|do[S]?\s+\S+"></cmd>
 	<cmd key="dO!" regex="dO[S]?[+]?|dO[S]?[+]?\s+\S+"></cmd>
 	<cmd key="drds" regex="drds|drds\s+\S+"></cmd>
 	<cmd key="ds" regex="ds[S]?[+]?|ds[S]?[+]?\s+\S+"></cmd>
 	<cmd key="dT!" regex="dT[S]?[+]?|dT[S]?[+]?\s+\S+"></cmd>
 	<cmd key="dg" regex="du[+]?|du[+]?\s+\S+"></cmd>
 	<cmd key="dv" regex="dv[S]?[+]?|dv[S]?[+]?\s+\S+"></cmd>
 	<cmd key="dE!" regex="dE[S]?[+]?|dE[S]?[+]?\s+\S+"></cmd>
 	<cmd key="dx" regex="dx[+]?|dx[S]?[+]?\s+\S+"></cmd>
 	<cmd key="dy" regex="dy|dy\s+\S+"></cmd>
	<cmd key="sf" regex="sf[+]?\s+\S+"></cmd>
	<cmd key="dp" regex="z[+]?|z\s+\S+"></cmd>
</pg-cmds>

